input_text,target_text,question,student_answer,context,score,feedback
"Question: what is multithreading??explain
Student Answer: Segmentation is a memory management technique that divides a processs memory into variable-sized segments, each representing a logical unit such as a function, object, or data structure. Unlike paging, which divides memory into fixed-size blocks, segmentation allows for segments to vary in size, reflecting the logical divisions in a program.
Context: Threadsregisterscode data files stack registers registers registerscode data files stack stack stack thread thread single-threaded process multithreaded process Figure 4.1 Single-threaded and multithreaded processes. threads of control. A web browser might have one thread display images or text while another thread retrieves data from the network, for example. A word processor may have a thread for displaying graphics, another thread for responding to keystrokes from the user, and a third thread for performing spelling and grammar checking in the background. Applications can also be designed to leverage processing capabilities on multicore systems. Such applications can perform several CPU-intensive tasks in parallel across the multiple computing cores. In certain situations, a single application may be required to perform several similar tasks. For example, a web server accepts client requests for web pages, images, sound, and so forth. A busy web server may have several (perhaps thousands of) clients concurrently accessing it. If the web server ran as a traditional single-threaded process, it would be able to service only one client at a time, and a client might have to wait a very long time for its request to be serviced. One solution is to have the server run as a single process that accepts requests. When the server receives a request, it creates a separate process to service that request. In fact, this process-creation method was in common use before threads became popular. Process creation is time consuming and resource intensive, however. If the new process will perform the same tasks as the existing process, why incur all that overhead? It is generally more efﬁcient to use one process that contains multiple threads. If the web-server process is multithreaded, the server will create a separate thread that listens for client requests. When a request is made, rather th an creating another process, the server creates a new thread to service the request and resume listening for additional requests. This is illustrated in Figure 4.2. Threads also play a vital role in remote procedure call ( RPC)s y s t e m s .R e c a l l from Chapter 3 that RPCsa l l o wi n t e r p r o c e s sc o m m u n i c a t i o nb yp r o v i d i n ga communication mechanism similar to ordinary function or procedure calls. Typically, RPC servers are multithreaded. When a server receives a message, it
Task: Grade and provide feedback","Score: 0/5
Feedback: this answer is valued at 0 out of 5 as it is totally irrelevent to the conecpt of multithreading",what is multithreading??explain,"Segmentation is a memory management technique that divides a processs memory into variable-sized segments, each representing a logical unit such as a function, object, or data structure. Unlike paging, which divides memory into fixed-size blocks, segmentation allows for segments to vary in size, reflecting the logical divisions in a program.","Threadsregisterscode data files stack registers registers registerscode data files stack stack stack thread thread single-threaded process multithreaded process Figure 4.1 Single-threaded and multithreaded processes. threads of control. A web browser might have one thread display images or text while another thread retrieves data from the network, for example. A word processor may have a thread for displaying graphics, another thread for responding to keystrokes from the user, and a third thread for performing spelling and grammar checking in the background. Applications can also be designed to leverage processing capabilities on multicore systems. Such applications can perform several CPU-intensive tasks in parallel across the multiple computing cores. In certain situations, a single application may be required to perform several similar tasks. For example, a web server accepts client requests for web pages, images, sound, and so forth. A busy web server may have several (perhaps thousands of) clients concurrently accessing it. If the web server ran as a traditional single-threaded process, it would be able to service only one client at a time, and a client might have to wait a very long time for its request to be serviced. One solution is to have the server run as a single process that accepts requests. When the server receives a request, it creates a separate process to service that request. In fact, this process-creation method was in common use before threads became popular. Process creation is time consuming and resource intensive, however. If the new process will perform the same tasks as the existing process, why incur all that overhead? It is generally more efﬁcient to use one process that contains multiple threads. If the web-server process is multithreaded, the server will create a separate thread that listens for client requests. When a request is made, rather th an creating another process, the server creates a new thread to service the request and resume listening for additional requests. This is illustrated in Figure 4.2. Threads also play a vital role in remote procedure call ( RPC)s y s t e m s .R e c a l l from Chapter 3 that RPCsa l l o wi n t e r p r o c e s sc o m m u n i c a t i o nb yp r o v i d i n ga communication mechanism similar to ordinary function or procedure calls. Typically, RPC servers are multithreaded. When a server receives a message, it",0,this answer is valued at 0 out of 5 as it is totally irrelevent to the conecpt of multithreading
"Question: Keeping in mind the various definitions of operating system, consider whether the operating system should include applications such as web browsers and mail programs. Argue both that it should and that it should not, and support your answers.
Student Answer: Arguments against embedding applica-tions within the operating system typically dominate, however: (1) the applications are applicationsnot part of an operating system, (2) any performance benefits of running within the kernel are offset by secu- rity vulnerabilities, and (3) inclusion of applications leads to a bloated operating system
Context: An operating system acts as an intermediary between the user of a computer and the computer hardware. The purpose of an operating system is to provide an environment in which a user can execute programs in a convenient andefﬁcient manner. An operating system is software that manages the computer hard- ware. The hardware must provide appropriate mechanisms to ensure the correct operation of the computer system and to prevent user programs from interfering with the proper operation of the system. Internally, operating systems vary greatly in their makeup, since they are organized along many different lines. The design of a new operating system is a major task. It is important that the goals of the system be well deﬁned before the design begins. These goals form the basis for choices among various algorith ms and strategies. Because an operating system is large and complex, it must be created piece by piece. Each of these pieces should be a well-delineated portion of the system, with carefully deﬁned inputs, outputs, and functions.
Task: Grade and provide feedback","Score: 2/5
Feedback: The answer is valued 25 since there is only partial answer.","Keeping in mind the various definitions of operating system, consider whether the operating system should include applications such as web browsers and mail programs. Argue both that it should and that it should not, and support your answers.","Arguments against embedding applica-tions within the operating system typically dominate, however: (1) the applications are applicationsnot part of an operating system, (2) any performance benefits of running within the kernel are offset by secu- rity vulnerabilities, and (3) inclusion of applications leads to a bloated operating system","An operating system acts as an intermediary between the user of a computer and the computer hardware. The purpose of an operating system is to provide an environment in which a user can execute programs in a convenient andefﬁcient manner. An operating system is software that manages the computer hard- ware. The hardware must provide appropriate mechanisms to ensure the correct operation of the computer system and to prevent user programs from interfering with the proper operation of the system. Internally, operating systems vary greatly in their makeup, since they are organized along many different lines. The design of a new operating system is a major task. It is important that the goals of the system be well deﬁned before the design begins. These goals form the basis for choices among various algorith ms and strategies. Because an operating system is large and complex, it must be created piece by piece. Each of these pieces should be a well-delineated portion of the system, with carefully deﬁned inputs, outputs, and functions.",2,The answer is valued 25 since there is only partial answer.
"Question: How does the distinction between kernel mode and user mode function as a rudimentary form of protection (security)?
Student Answer: User mode and kernel modes do not matter and they are same.
Context: 
Task: Grade and provide feedback","Score: 0/5
Feedback: The answer is valued 05 since the answer it is entirely unrelated to question",How does the distinction between kernel mode and user mode function as a rudimentary form of protection (security)?,User mode and kernel modes do not matter and they are same.,,0,The answer is valued 05 since the answer it is entirely unrelated to question
"Question: Some early computers protected the operating system by placing it in a memory partition that could not be modified by either the user job or the operating system itself. Describe two difficulties that you think could arise with such a scheme.
Student Answer: The data required by the operating system (passwords, access controls, accounting information, and so on) would have to be stored in or passed through unprotected memory and thus be accessible to unauthorized users.
Context: 376 8.1 Background 353 operating system0 256000 300040300040 base 120900 limit420940 880000 1024000process process process Figure 8.1 Ab a s ea n dal i m i tr e g i s t e rd e ﬁ n eal o g i c a la d d r e s ss p a c e . 300040 and the limit register is 120900, then the program can legally access all addresses from 300040 through 420939 (inclusive). Protection of memory space is accomplished by having the CPU hardware compare every address generated in user mode with the registers. Any attempt by a program executing in user mode to access operating-system memory or other users memory results in a trap to the operating system, which treats the attempt as a fatal error (Figure 8.2). This scheme prevents a user program from (accidentally or deliberately) modifying the code or data structures of either the operating system or other users. The base and limit registers can be loaded only by the operating system, which uses a special privileged instruction. Since privileged instructions can be executed only in kernel mode, and since only the operating system executes in kernel mode, only the operating system can load the base and limit registers.base memorytrap to operating system monitoraddressing erroraddress yes yes no noCPUbase H11001 limit   Figure 8.2 Hardware address protection with base and limit registers.
Task: Grade and provide feedback","Score: 5/5
Feedback: The answer is valued 55 since this is the right answer.",Some early computers protected the operating system by placing it in a memory partition that could not be modified by either the user job or the operating system itself. Describe two difficulties that you think could arise with such a scheme.,"The data required by the operating system (passwords, access controls, accounting information, and so on) would have to be stored in or passed through unprotected memory and thus be accessible to unauthorized users.","376 8.1 Background 353 operating system0 256000 300040300040 base 120900 limit420940 880000 1024000process process process Figure 8.1 Ab a s ea n dal i m i tr e g i s t e rd e ﬁ n eal o g i c a la d d r e s ss p a c e . 300040 and the limit register is 120900, then the program can legally access all addresses from 300040 through 420939 (inclusive). Protection of memory space is accomplished by having the CPU hardware compare every address generated in user mode with the registers. Any attempt by a program executing in user mode to access operating-system memory or other users memory results in a trap to the operating system, which treats the attempt as a fatal error (Figure 8.2). This scheme prevents a user program from (accidentally or deliberately) modifying the code or data structures of either the operating system or other users. The base and limit registers can be loaded only by the operating system, which uses a special privileged instruction. Since privileged instructions can be executed only in kernel mode, and since only the operating system executes in kernel mode, only the operating system can load the base and limit registers.base memorytrap to operating system monitoraddressing erroraddress yes yes no noCPUbase H11001 limit   Figure 8.2 Hardware address protection with base and limit registers.",5,The answer is valued 55 since this is the right answer.
"Question: Some CPUs provide for more than two modes of operation. What are two possible uses of these multiple modes?
Student Answer: Another possibility would be to provide different distinctions within kernel code. For example, a specific mode could allow USB device drivers to run. This would mean that USB devices could be serviced without having to switch to kernel mode, thereby essentially allowing USB device drivers to run in a quasi-userkernel mode.
Context: 36 1.3 Computer-System Architecture 13thread of executioninstructions and datainstruction execution cycle data movement DMA memory interruptcache data IO requestCPU (N) device (M) Figure 1.5 How a modern computer system works. can categorize roughly according to the number of general-purpose processors used. 1.3.1 Single-Processor Systems Until recently, most computer systems used a single processor. On a single- processor system, there is one main CPU capable of executing a general-purpose instruction set, including instructions from user processes. Almost all single- processor systems have other special-purpose processors as well. They may come in the form of device-speciﬁc processors, such as disk, keyboard, and graphics controllers; or, on mainframes, they may come in the form of more general-purpose processors, such as IO processors that move data rapidly among the components of the system. All of these special-purpose processors run a limited instruction set and do not run user processes. Sometimes, they are managed by the operating system, in that the operating system sends them information about their next task and monitors their status. For example, a disk-controller microprocessor receives a sequence of requests from the main CPU and implements its own disk queue and scheduling algorithm. This arrangement relieves the main CPU of the overhead of disk scheduling. PCsc o n t a i nam i c r o p r o c e s s o ri nt h ek e y b o a r d to convert the keystrokes into codes to be sent to the CPU.I no t h e rs y s t e m s or circumstances, special-purpose processors are low-level components built into the hardware. The operating system cannot communicate with these processors; they do their jobs autonomously. The use of special-purpose microprocessors is common and does not turn a single-processor system into
Task: Grade and provide feedback","Score: 3/5
Feedback: The answer is valued 35 since there is only partial answer.",Some CPUs provide for more than two modes of operation. What are two possible uses of these multiple modes?,"Another possibility would be to provide different distinctions within kernel code. For example, a specific mode could allow USB device drivers to run. This would mean that USB devices could be serviced without having to switch to kernel mode, thereby essentially allowing USB device drivers to run in a quasi-userkernel mode.","36 1.3 Computer-System Architecture 13thread of executioninstructions and datainstruction execution cycle data movement DMA memory interruptcache data IO requestCPU (N) device (M) Figure 1.5 How a modern computer system works. can categorize roughly according to the number of general-purpose processors used. 1.3.1 Single-Processor Systems Until recently, most computer systems used a single processor. On a single- processor system, there is one main CPU capable of executing a general-purpose instruction set, including instructions from user processes. Almost all single- processor systems have other special-purpose processors as well. They may come in the form of device-speciﬁc processors, such as disk, keyboard, and graphics controllers; or, on mainframes, they may come in the form of more general-purpose processors, such as IO processors that move data rapidly among the components of the system. All of these special-purpose processors run a limited instruction set and do not run user processes. Sometimes, they are managed by the operating system, in that the operating system sends them information about their next task and monitors their status. For example, a disk-controller microprocessor receives a sequence of requests from the main CPU and implements its own disk queue and scheduling algorithm. This arrangement relieves the main CPU of the overhead of disk scheduling. PCsc o n t a i nam i c r o p r o c e s s o ri nt h ek e y b o a r d to convert the keystrokes into codes to be sent to the CPU.I no t h e rs y s t e m s or circumstances, special-purpose processors are low-level components built into the hardware. The operating system cannot communicate with these processors; they do their jobs autonomously. The use of special-purpose microprocessors is common and does not turn a single-processor system into",3,The answer is valued 35 since there is only partial answer.
"Question: Timers could be used to compute the current time. Provide a short description of how this could be accomplished.
Student Answer: When awakened by the interrupt, it could update its local state, which it uses to keep track of the number of interrupts it has received thus far. It could then repeat this process of continually setting timer interrupts and up
Context: 24 Chapter 1 Introduction 1.5.2 Timer We must ensure that the operating system maintains control over the CPU. We cannot allow a user program to get stuck in an inﬁnite loop or to fail to call system services and never return control to the operating system. To accomplish this goal, we can use a timer .At i m e rc a nb es e tt oi n t e r r u p t the computer after a speciﬁed period. The period may be ﬁxed (for example, 160 second) or variable (for example, from 1 millisecond to 1 second). A variable timer is generally implemented by a ﬁxed-rate clock and a counter. The operating system sets the counter. Every time the clock ticks, the counter is decremented. When the counter reaches 0 , an interrupt occurs. For instance, a1 0 - b i tc o u n t e rw i t ha1 - m i l l i s e c o n dc l o c ka l l o w si n t e r r u p t sa ti n t e r v a l sf r o m 1m i l l i s e c o n dt o1 , 0 2 4m i l l i s e c o n d s ,i ns t e p so f1m i l l i s e c o n d . Before turning over control to the user, the operating system ensures that the timer is set to interrupt. If the timer interrupts, control transfers automatically to the operating system, which may treat the interrupt as a fatal error or may give the program more time. Clearly, instructions that modify the content of the timer are privileged. We can use the timer to prevent a user program from running too long. A simple technique is to initialize a counter with the amount of time that a program is allowed to run. A program with a 7-minute time limit, for example, would have its counter initialized to 420. Every second, the timer interrupts, and the counter is decremented by 1. As long as the counter is positive, control is returned to the user program. When the counter becomes negative, the operating system terminates the program for exceeding the assigned time limit. 1.6 Process Management A program does nothing unless its instructions are executed by a CPU.A program in execution, as mentioned, is a process. A time-shared user program such as a compiler is a process. A word-processing program being run by an individual user on a PCis a process. A system task, such as sending output to a printer, can also be a process (or at least part of one). For now, you can consider a process to be a job or a time-shared program, but later you will learn that the concept is more general. As we shall see in Chapter 3, it is possible to provide system calls that allow processes to create subprocesses to execute concurrently. Ap r o c e s sn e e d sc e r t a i nr e s o u r c e s  i n c l u d i n g CPU time, memory, ﬁles, and IOdevicesto accomplish its task. These resources are either given to the process when it is created or allocated to it while it is running. In addition to the various physical and logical resources that a process obtains when it is created, various initialization data (input) may be passed along. For example, consider a process whose function is to display the status of a ﬁle on the screen of a terminal. The process will be given the name of the ﬁle as an input and will execute the appropriate instructions and system calls to obtain and display the desired information on the terminal. When the process terminates, the operating system will reclaim any reusable resources. We emphasize that a program by itself is not a process. A program is a passive entity, like the contents of a ﬁle stored on disk, whereas a process
Task: Grade and provide feedback","Score: 3/5
Feedback: The answer is valued 35 since there is only partial answer",Timers could be used to compute the current time. Provide a short description of how this could be accomplished.,"When awakened by the interrupt, it could update its local state, which it uses to keep track of the number of interrupts it has received thus far. It could then repeat this process of continually setting timer interrupts and up","24 Chapter 1 Introduction 1.5.2 Timer We must ensure that the operating system maintains control over the CPU. We cannot allow a user program to get stuck in an inﬁnite loop or to fail to call system services and never return control to the operating system. To accomplish this goal, we can use a timer .At i m e rc a nb es e tt oi n t e r r u p t the computer after a speciﬁed period. The period may be ﬁxed (for example, 160 second) or variable (for example, from 1 millisecond to 1 second). A variable timer is generally implemented by a ﬁxed-rate clock and a counter. The operating system sets the counter. Every time the clock ticks, the counter is decremented. When the counter reaches 0 , an interrupt occurs. For instance, a1 0 - b i tc o u n t e rw i t ha1 - m i l l i s e c o n dc l o c ka l l o w si n t e r r u p t sa ti n t e r v a l sf r o m 1m i l l i s e c o n dt o1 , 0 2 4m i l l i s e c o n d s ,i ns t e p so f1m i l l i s e c o n d . Before turning over control to the user, the operating system ensures that the timer is set to interrupt. If the timer interrupts, control transfers automatically to the operating system, which may treat the interrupt as a fatal error or may give the program more time. Clearly, instructions that modify the content of the timer are privileged. We can use the timer to prevent a user program from running too long. A simple technique is to initialize a counter with the amount of time that a program is allowed to run. A program with a 7-minute time limit, for example, would have its counter initialized to 420. Every second, the timer interrupts, and the counter is decremented by 1. As long as the counter is positive, control is returned to the user program. When the counter becomes negative, the operating system terminates the program for exceeding the assigned time limit. 1.6 Process Management A program does nothing unless its instructions are executed by a CPU.A program in execution, as mentioned, is a process. A time-shared user program such as a compiler is a process. A word-processing program being run by an individual user on a PCis a process. A system task, such as sending output to a printer, can also be a process (or at least part of one). For now, you can consider a process to be a job or a time-shared program, but later you will learn that the concept is more general. As we shall see in Chapter 3, it is possible to provide system calls that allow processes to create subprocesses to execute concurrently. Ap r o c e s sn e e d sc e r t a i nr e s o u r c e s  i n c l u d i n g CPU time, memory, ﬁles, and IOdevicesto accomplish its task. These resources are either given to the process when it is created or allocated to it while it is running. In addition to the various physical and logical resources that a process obtains when it is created, various initialization data (input) may be passed along. For example, consider a process whose function is to display the status of a ﬁle on the screen of a terminal. The process will be given the name of the ﬁle as an input and will execute the appropriate instructions and system calls to obtain and display the desired information on the terminal. When the process terminates, the operating system will reclaim any reusable resources. We emphasize that a program by itself is not a process. A program is a passive entity, like the contents of a ﬁle stored on disk, whereas a process",3,The answer is valued 35 since there is only partial answer
"Question: Give two reasons why caches are useful. What problems do they solve? What problems do they cause? If a cache can be made as large as the device for which it is caching (for instance, a cache as large as a disk), why not make it that large and eliminate the device?
Student Answer: When awakened by the interrupt, it could update its local state, which it uses to keep track of the number of interrupts it has received thus far. It could then repeat this process of continually setting timer interrupts and updating its local state when the interrupts are actually raised.
Context: 51 28 Chapter 1 Introduction temporary basis. When we need a particular piece of information, we ﬁrst check whether it is in the cache. If it is, we use the information directly from the cache. If it is not, we use the information from the source, putting a copy in the cache under the assumption that we will need it again soon. In addition, internal programmable registers, such as index registers, provide a high-speed cache for main memory. The programmer (or compiler) implements the register-allocation and register-replacement algorithms to decide which information to keep in registers and which to keep in main memory. Other caches are implemented totally in hardware. For instance, most systems have an instruction cache to hold the instructions expected to be executed next. Without this cache, the CPU would have to wait several cycles while an instruction was fetched from main memory. For similar reasons, most systems have one or more high-speed data caches in the memory hierarchy. We are not concerned with these hardware-only caches in this text, since they are outside the control of the operating system. Because caches have limited size, cache management is an important design problem. Careful selection of the cache size and of a replacement policy can result in greatly increased performance. Figure 1.11 compares storage performance in large workstations and small servers. Various replacement algorithms for software-controlled caches are discussed in Chapter 9. Main memory can be viewed as a fast cache for secondary storage, since data in secondary storage must be copied into main memory for use and data must be in main memory before being moved to secondary storage for safekeeping. The ﬁle-system data, which resides permanently on secondary storage, may appear on several levels in the storage hierarchy. At the highest level, the operating system may maintain a cache of ﬁle-system data in main memory. In addition, solid-state disks may be used for high-speed storage that is accessed through the ﬁle-system interface. The bulk of secondary storage is on magnetic disks. The magnetic-disk storage, in turn, is often backed up onto magnetic tapes or removable disks to protect against data loss in case of a hard-disk failure. Some systems automatically archive old ﬁle data from secondary storage to tertiary storage, such as tape jukeboxes, to lower the storage cost (see Chapter 10). Level Name Typical size Implementation technology Access time (ns) Bandwidth (MBsec) Managed by Backed by1 registers  1 KB custom memory with multiple ports CMOS 0.25 - 0.5 20,000 - 100,000 compiler cache2 cache  16MB on-chip or off-chip CMOS SRAM 0.5 - 25 5,000 - 10,000 hardware main memory3 main memory  64GB CMOS SRAM 80 - 250 1,000 - 5,000 operating system disk4 solid state disk  1 TB flash memory 25,000 - 50,000 500 operating system disk5 magnetic disk  10 TB magnetic disk 5,000,000 20 - 150 operating system disk or tape Figure 1.11 Performance of various levels of storage.
Task: Grade and provide feedback","Score: 0/5
Feedback: The answer is valued 05 since the answer it is entirely unrelated to question","Give two reasons why caches are useful. What problems do they solve? What problems do they cause? If a cache can be made as large as the device for which it is caching (for instance, a cache as large as a disk), why not make it that large and eliminate the device?","When awakened by the interrupt, it could update its local state, which it uses to keep track of the number of interrupts it has received thus far. It could then repeat this process of continually setting timer interrupts and updating its local state when the interrupts are actually raised.","51 28 Chapter 1 Introduction temporary basis. When we need a particular piece of information, we ﬁrst check whether it is in the cache. If it is, we use the information directly from the cache. If it is not, we use the information from the source, putting a copy in the cache under the assumption that we will need it again soon. In addition, internal programmable registers, such as index registers, provide a high-speed cache for main memory. The programmer (or compiler) implements the register-allocation and register-replacement algorithms to decide which information to keep in registers and which to keep in main memory. Other caches are implemented totally in hardware. For instance, most systems have an instruction cache to hold the instructions expected to be executed next. Without this cache, the CPU would have to wait several cycles while an instruction was fetched from main memory. For similar reasons, most systems have one or more high-speed data caches in the memory hierarchy. We are not concerned with these hardware-only caches in this text, since they are outside the control of the operating system. Because caches have limited size, cache management is an important design problem. Careful selection of the cache size and of a replacement policy can result in greatly increased performance. Figure 1.11 compares storage performance in large workstations and small servers. Various replacement algorithms for software-controlled caches are discussed in Chapter 9. Main memory can be viewed as a fast cache for secondary storage, since data in secondary storage must be copied into main memory for use and data must be in main memory before being moved to secondary storage for safekeeping. The ﬁle-system data, which resides permanently on secondary storage, may appear on several levels in the storage hierarchy. At the highest level, the operating system may maintain a cache of ﬁle-system data in main memory. In addition, solid-state disks may be used for high-speed storage that is accessed through the ﬁle-system interface. The bulk of secondary storage is on magnetic disks. The magnetic-disk storage, in turn, is often backed up onto magnetic tapes or removable disks to protect against data loss in case of a hard-disk failure. Some systems automatically archive old ﬁle data from secondary storage to tertiary storage, such as tape jukeboxes, to lower the storage cost (see Chapter 10). Level Name Typical size Implementation technology Access time (ns) Bandwidth (MBsec) Managed by Backed by1 registers  1 KB custom memory with multiple ports CMOS 0.25 - 0.5 20,000 - 100,000 compiler cache2 cache  16MB on-chip or off-chip CMOS SRAM 0.5 - 25 5,000 - 10,000 hardware main memory3 main memory  64GB CMOS SRAM 80 - 250 1,000 - 5,000 operating system disk4 solid state disk  1 TB flash memory 25,000 - 50,000 500 operating system disk5 magnetic disk  10 TB magnetic disk 5,000,000 20 - 150 operating system disk or tape Figure 1.11 Performance of various levels of storage.",0,The answer is valued 05 since the answer it is entirely unrelated to question
"Question: Distinguish between the clientserver and peer-to-peer models of dis- tributed systems.
Student Answer: The client-server model firmly distinguishes the roles of the client and server. Under this model, the client requests services that are provided by the server. The peer-to-peer model doesnt have such strict roles. In fact, all nodes in the system are considered peers and thus may act as either clients or serversor both. A node may request a service from another peer, or the node may in fact provide such a service to other peers in the system. For example, lets consider a system of nodes that share cooking recipes. Under the client-server model, all recipes are stored with the server. If a client wishes to access a recipe, it must request the recipe from the specified server. Using the peer-to-peer model, a peer node could ask other peer nodes for the specified recipe. The node (or perhaps nodes) with the requested recipe could provide it to the requesting node. Notice how each peer may act as both a client (it may request recipes) and as a server (it may provide recipes).
Context: 1.11 Computing Environments 39 1.11.5 Peer-to-Peer Computing Another structure for a distributed system is the peer-to-peer ( P2P)s y s t e m model. In this model, clients and servers are not distinguished from one another. Instead, all nodes within the system are considered peers, and each may act as either a client or a server, d epending on whether it is requesting or providing a service. Peer-to-peer systems offer an advantage over traditional client-server systems. In a client-server system, the server is a bottleneck; but in a peer-to-peer system, services can be provided by several nodes distributed throughout the network. To participate in a peer-to-peer system, a node must ﬁrst join the network of peers. Once a node has joined the netw ork, it can begin providing services toand requesting services fromother nodes in the network. Determining what services are available is accomplished in one of two general ways: When a node joins a network, it registers its service with a centralized lookup service on the network. Any node desiring a speciﬁc service ﬁrst contacts this centralized lookup service to determine which node provides the service. The remainder of the communication takes place between the client and the service provider. An alternative scheme uses no centralized lookup service. Instead, a peer acting as a client must discover what node provides a desired service by broadcasting a request for the service to all other nodes in the network. The node (or nodes) providing that service responds to the peer making the request. To support this approach, a discovery protocol must be provided that allows peers to discover servic es provided by other peers in the network. Figure 1.19 illustrates such a scenario. Peer-to-peer networks gained widespread popularity in the late 1990s with several ﬁle-sharing services, such as Napster and Gnutella, that enabled peers to exchange ﬁles with one another. The Napster system used an approach similar to the ﬁrst type described ab ove: a centralized server maintained an index of all ﬁles stored on peer nodes in the Napster network, and the actualclient client client client client Figure 1.19 Peer-to-peer system with no centralized service.
Task: Grade and provide feedback","Score: 5/5
Feedback: The answer is valued 55 since this is the right answer.",Distinguish between the clientserver and peer-to-peer models of dis- tributed systems.,"The client-server model firmly distinguishes the roles of the client and server. Under this model, the client requests services that are provided by the server. The peer-to-peer model doesnt have such strict roles. In fact, all nodes in the system are considered peers and thus may act as either clients or serversor both. A node may request a service from another peer, or the node may in fact provide such a service to other peers in the system. For example, lets consider a system of nodes that share cooking recipes. Under the client-server model, all recipes are stored with the server. If a client wishes to access a recipe, it must request the recipe from the specified server. Using the peer-to-peer model, a peer node could ask other peer nodes for the specified recipe. The node (or perhaps nodes) with the requested recipe could provide it to the requesting node. Notice how each peer may act as both a client (it may request recipes) and as a server (it may provide recipes).","1.11 Computing Environments 39 1.11.5 Peer-to-Peer Computing Another structure for a distributed system is the peer-to-peer ( P2P)s y s t e m model. In this model, clients and servers are not distinguished from one another. Instead, all nodes within the system are considered peers, and each may act as either a client or a server, d epending on whether it is requesting or providing a service. Peer-to-peer systems offer an advantage over traditional client-server systems. In a client-server system, the server is a bottleneck; but in a peer-to-peer system, services can be provided by several nodes distributed throughout the network. To participate in a peer-to-peer system, a node must ﬁrst join the network of peers. Once a node has joined the netw ork, it can begin providing services toand requesting services fromother nodes in the network. Determining what services are available is accomplished in one of two general ways: When a node joins a network, it registers its service with a centralized lookup service on the network. Any node desiring a speciﬁc service ﬁrst contacts this centralized lookup service to determine which node provides the service. The remainder of the communication takes place between the client and the service provider. An alternative scheme uses no centralized lookup service. Instead, a peer acting as a client must discover what node provides a desired service by broadcasting a request for the service to all other nodes in the network. The node (or nodes) providing that service responds to the peer making the request. To support this approach, a discovery protocol must be provided that allows peers to discover servic es provided by other peers in the network. Figure 1.19 illustrates such a scenario. Peer-to-peer networks gained widespread popularity in the late 1990s with several ﬁle-sharing services, such as Napster and Gnutella, that enabled peers to exchange ﬁles with one another. The Napster system used an approach similar to the ﬁrst type described ab ove: a centralized server maintained an index of all ﬁles stored on peer nodes in the Napster network, and the actualclient client client client client Figure 1.19 Peer-to-peer system with no centralized service.",5,The answer is valued 55 since this is the right answer.
"Question: What is the purpose of system calls?
Student Answer: System calls allow user-level processes to request services of the operat- ing system.
Context: 66 Chapter 2 Operating-System Structures code for system call 13 operat ing systemuser programuse parameters from table XregisterX X: parameters for call load address X system call 13 Figure 2.7 Passing of parameters as a table. 2.4 Types of System Calls System calls can be grouped roughly into six major categories: process control ,ﬁle manipulation ,device manipulation ,information maintenance , communications ,a n d protection .I nS e c t i o n s2 . 4 . 1t h r o u g h2 . 4 . 6 ,w eb r i e ﬂ y discuss the types of system calls that may be provided by an operating system. Most of these system calls support, or are supported by, concepts and functions that are discussed in later chapters. Figure 2.8 summarizes the types of system calls normally provided by an operating system. As mentioned, in this text, we normally refer to the system calls by generic names. Throughout the text, however, we provide examples of the a ctual counterparts to the system calls for Windows, UNIX ,a n dL i n u xs y s t e m s . 2.4.1 Process Control Ar u n n i n gp r o g r a mn e e d st ob ea b l et oh a l ti t se x e c u t i o ne i t h e rn o r m a l l y (end() )o ra b n o r m a l l y( abort() ). If a system call is made to terminate the currently running program abnormally, or if the program runs into a problem and causes an error trap, a dump of memory is sometimes taken and an error message generated. The dump is written to disk and may be examined by adebugger a system program designed to aid the programmer in ﬁnding and correcting errors, or bugs to determine the cause of the problem. Under either normal or abnormal circumstances, the operating system must transfer control to the invoking command interpreter. The command interpreter then reads the next command. In an interactive system, the command interpreter simply continues with the next command; it is assumed that the user will issue an appropriate command to respond to any error. In a GUI system, a pop-up window might alert the user to the error and ask for guidance. In a batch system, the command interpreter usually terminates the entire job and continues with the next job. Some systems may allow for special recovery actions in case an error occurs. If the program discovers an error in its input and wants to terminate abnormally, it may also want to deﬁne an error level. More severe errors can be indicated by a higher-level error parameter. It is then
Task: Grade and provide feedback","Score: 5/5
Feedback: The answer is valued 55 since this is the right answer.",What is the purpose of system calls?,System calls allow user-level processes to request services of the operat- ing system.,"66 Chapter 2 Operating-System Structures code for system call 13 operat ing systemuser programuse parameters from table XregisterX X: parameters for call load address X system call 13 Figure 2.7 Passing of parameters as a table. 2.4 Types of System Calls System calls can be grouped roughly into six major categories: process control ,ﬁle manipulation ,device manipulation ,information maintenance , communications ,a n d protection .I nS e c t i o n s2 . 4 . 1t h r o u g h2 . 4 . 6 ,w eb r i e ﬂ y discuss the types of system calls that may be provided by an operating system. Most of these system calls support, or are supported by, concepts and functions that are discussed in later chapters. Figure 2.8 summarizes the types of system calls normally provided by an operating system. As mentioned, in this text, we normally refer to the system calls by generic names. Throughout the text, however, we provide examples of the a ctual counterparts to the system calls for Windows, UNIX ,a n dL i n u xs y s t e m s . 2.4.1 Process Control Ar u n n i n gp r o g r a mn e e d st ob ea b l et oh a l ti t se x e c u t i o ne i t h e rn o r m a l l y (end() )o ra b n o r m a l l y( abort() ). If a system call is made to terminate the currently running program abnormally, or if the program runs into a problem and causes an error trap, a dump of memory is sometimes taken and an error message generated. The dump is written to disk and may be examined by adebugger a system program designed to aid the programmer in ﬁnding and correcting errors, or bugs to determine the cause of the problem. Under either normal or abnormal circumstances, the operating system must transfer control to the invoking command interpreter. The command interpreter then reads the next command. In an interactive system, the command interpreter simply continues with the next command; it is assumed that the user will issue an appropriate command to respond to any error. In a GUI system, a pop-up window might alert the user to the error and ask for guidance. In a batch system, the command interpreter usually terminates the entire job and continues with the next job. Some systems may allow for special recovery actions in case an error occurs. If the program discovers an error in its input and wants to terminate abnormally, it may also want to deﬁne an error level. More severe errors can be indicated by a higher-level error parameter. It is then",5,The answer is valued 55 since this is the right answer.
"Question: What is the purpose of the command interpreter? Why is it usually separate from the kernel?
Student Answer: Kernel is uselsess and os is the main heart of the computer
Context: 58 Chapter 2 Operating-System Structures himself or herself to the system, usually by means of a password, to gain access to system resources. It extends to defending external IOdevices, including network adapters, from invalid access attempts and to recording all such connections for detection of break-ins. If a system is to be protected and secure, precautions must be instituted throughout it. A chain is only as strong as its weakest link. 2.2 User and Operating-System Interface We mentioned earlier that there are several ways for users to interface with the operating system. Here, we discuss two fundamental approaches. One provides a command-line interface, or command interpreter ,t h a ta l l o w su s e r s to directly enter commands to be performed by the operating system. The other allows users to interface with the operating system via a graphical user interface, or GUI. 2.2.1 Command Interpreters Some operating systems include the command interpreter in the kernel. Others, such as Windows and UNIX , treat the command interpreter as a special program that is running when a job is initiated or when a user ﬁrst logs on (on interactive systems). On systems with multiple command interpreters to choose from, the interpreters are known as shells .F o re x a m p l e ,o n UNIX and Linux systems, a user may choose among several different shells, including the Bourne shell ,C shell ,Bourne-Again shell ,Korn shell ,a n do t h e r s .T h i r d - p a r t ys h e l l sa n df r e e user-written shells are also available. Most shells provide similar functionality, and a users choice of which shell to use is generally based on personal preference. Figure 2.2 shows the Bourne s hell command interpreter being used on Solaris 10. The main function of the command interpreter is to get and execute the next user-speciﬁed command. Many of the commands given at this level manipulate ﬁles: create, delete, list, print, copy, execute, and so on. The MS-DOS and UNIX shells operate in this way. These commands can be implemented in two general ways. In one approach, the command interpreter itself contains the code to execute the command. For example, a command to delete a ﬁle may cause the command interpreter to jump to a section of its code that sets up the parameters and makes the appropriate system call. In this case, the number of commands that can be given determines the size of the command interpreter, since each command requires its own implementing code. An alternative approachused by UNIX , among other operating systems implements most commands through system programs. In this case, the command interpreter does not understand the command in any way; it merely uses the command to identify a ﬁle to be loaded into memory and executed. Thus, the UNIX command to delete a ﬁle rm file.txt would search for a ﬁle called rm,l o a dt h eﬁ l ei n t om e m o r y ,a n de x e c u t ei tw i t h the parameter file.txt .T h ef u n c t i o na s s o c i a t e dw i t ht h e rmcommand would
Task: Grade and provide feedback","Score: 0/5
Feedback: The answer is valued 05 since the answer it is entirely unrelated to question",What is the purpose of the command interpreter? Why is it usually separate from the kernel?,Kernel is uselsess and os is the main heart of the computer,"58 Chapter 2 Operating-System Structures himself or herself to the system, usually by means of a password, to gain access to system resources. It extends to defending external IOdevices, including network adapters, from invalid access attempts and to recording all such connections for detection of break-ins. If a system is to be protected and secure, precautions must be instituted throughout it. A chain is only as strong as its weakest link. 2.2 User and Operating-System Interface We mentioned earlier that there are several ways for users to interface with the operating system. Here, we discuss two fundamental approaches. One provides a command-line interface, or command interpreter ,t h a ta l l o w su s e r s to directly enter commands to be performed by the operating system. The other allows users to interface with the operating system via a graphical user interface, or GUI. 2.2.1 Command Interpreters Some operating systems include the command interpreter in the kernel. Others, such as Windows and UNIX , treat the command interpreter as a special program that is running when a job is initiated or when a user ﬁrst logs on (on interactive systems). On systems with multiple command interpreters to choose from, the interpreters are known as shells .F o re x a m p l e ,o n UNIX and Linux systems, a user may choose among several different shells, including the Bourne shell ,C shell ,Bourne-Again shell ,Korn shell ,a n do t h e r s .T h i r d - p a r t ys h e l l sa n df r e e user-written shells are also available. Most shells provide similar functionality, and a users choice of which shell to use is generally based on personal preference. Figure 2.2 shows the Bourne s hell command interpreter being used on Solaris 10. The main function of the command interpreter is to get and execute the next user-speciﬁed command. Many of the commands given at this level manipulate ﬁles: create, delete, list, print, copy, execute, and so on. The MS-DOS and UNIX shells operate in this way. These commands can be implemented in two general ways. In one approach, the command interpreter itself contains the code to execute the command. For example, a command to delete a ﬁle may cause the command interpreter to jump to a section of its code that sets up the parameters and makes the appropriate system call. In this case, the number of commands that can be given determines the size of the command interpreter, since each command requires its own implementing code. An alternative approachused by UNIX , among other operating systems implements most commands through system programs. In this case, the command interpreter does not understand the command in any way; it merely uses the command to identify a ﬁle to be loaded into memory and executed. Thus, the UNIX command to delete a ﬁle rm file.txt would search for a ﬁle called rm,l o a dt h eﬁ l ei n t om e m o r y ,a n de x e c u t ei tw i t h the parameter file.txt .T h ef u n c t i o na s s o c i a t e dw i t ht h e rmcommand would",0,The answer is valued 05 since the answer it is entirely unrelated to question
